ticker,period,revenue,free_cash_flow,operating_cash_flow,capex,gross_margin,receivables,fy_fcf_guidance,delayed_deals_recovered,reported_at
IBM,2024-Q1,14.5,1.9,2.5,0.40,0.555,6.8,,,2024-04-24
IBM,2024-Q2,15.5,2.6,3.2,0.40,0.558,6.9,,,2024-07-24
IBM,2024-Q3,14.7,2.1,2.7,0.40,0.556,6.9,,,2024-10-23
IBM,2024-Q4,17.5,6.1,7.0,0.55,0.585,7.6,,,2025-01-29
IBM,2025-Q1,14.7,1.8,2.4,0.40,0.552,7.0,,,2025-04-23
IBM,2025-Q2,15.8,2.5,3.1,0.40,0.556,7.1,,,2025-07-23
IBM,2025-Q3,15.0,2.0,2.6,0.40,0.553,7.1,,,2025-10-22
IBM,2025-Q4,17.8,5.6,6.5,0.55,0.582,7.8,13.5,,2026-01-28
IBM,2026-Q1,15.1,1.6,2.2,0.40,0.548,7.3,13.5,,2026-04-22
